<?xml version = "1.0" encoding = "UTF-8"?>

<beans xmlns = "http://www.springframework.org/schema/beans"
   xmlns:xsi = "http://www.w3.org/2001/XMLSchema-instance"
   xsi:schemaLocation = "http://www.springframework.org/schema/beans
   http://www.springframework.org/schema/beans/spring-beans-3.0.xsd">

   
   <bean id = "prod" class = "com.csi.springcollection.Product">
      
     
      <property name = "productList">
         <list>
            <value>MI</value>
            <value>HP</value>
            <value>LENOVO</value>
            <value>SAMSUNG</value>
            <value>ASUS</value>
            <value>APPLE</value>
            <value>HP</value>
            <value>MAC</value>
            <value>MI SMART TV</value>
            <value>HP</value>
            <value>HP</value>
         </list>
      </property>

      <!-- results in a setAddressSet(java.util.Set) call -->
      <property name = "productSet">
         <set>
        	<value>MI</value>
            <value>HP</value>
            <value>LENOVO</value>
            <value>SAMSUNG</value>
            <value>ASUS</value>
            <value>APPLE</value>
            <value>HP</value>
             <value>MAC</value>
             <value>MI SMART TV</value>
              <value>HP</value>
              <value>HP</value>
         </set>
      </property>

      <!-- results in a setAddressMap(java.util.Map) call -->
      <property name = "productMap">
         <map>
            <entry key = "1" value = "HP"/>
            <entry key = "2" value = "LENOVO"/>
            <entry key = "3" value = "MI"/>
            <entry key = "4" value = "SAMSUNG"/>
            <entry key="5" value="APPLE"></entry>
         </map>
      </property>
      
      <!-- results in a setAddressProp(java.util.Properties) call -->
      <property name = "productProps">
         <props>
            <prop key = "one">HP</prop>
            <prop key="five">LENOVO</prop>
            <prop key = "two">SAMSUNG</prop>
            <prop key = "three">MI</prop>
            <prop key = "four">APPLE</prop>
         </props>
      </property>
   </bean>

</beans>